{"$type":"List`1","$values":[{"$id":"1","$type":"ProjectOptionEntry","key":"NetworkCollapsed","context":"{2232342-9326}","value":false},{"$id":"2","$type":"ProjectOptionEntry","key":"NetworkCollapsed","context":"{2232342-9327}","value":false},{"$id":"3","$type":"ProjectOptionEntry","key":"NetworkCollapsed","context":"{2232342-9328}","value":false},{"$id":"4","$type":"ProjectOptionEntry","key":"NetworkCollapsed","context":"{2232342-9329}","value":false},{"$id":"5","$type":"ProjectOptionEntry","key":"NetworkCollapsed","context":"{2232342-9330}","value":false},{"$id":"6","$type":"ProjectOptionEntry","key":"RestoreNetworkStates","context":"{2232321-9312}","value":true},{"$id":"7","$type":"ProjectOptionEntry","key":"LastSelection@Siemens.Simatic.PlcLanguages.PLFrame.BasicLanguageEditor","context":"{2232321-9312}","value":{"$id":"8","$type":"SessionState","NetworkStates":{"$id":"9","$type":"Dictionary`2","1":5},"FocusedComponent":4,"ComponentUndoState":{"$id":"10","$type":"FLGViewSessionState","SelectedElements":{"$type":"String[]","$values":["<?xml version=\"1.0\" encoding=\"utf-16\"?><Operand UId=\"49\" RefId=\"0\" OwnerUId=\"22\" ParaNum=\"12\" Formalname=\"\" />"]},"RelevantSettings":null}}},{"$id":"11","$type":"ProjectOptionEntry","key":"LastSelection@Siemens.Simatic.PlcLanguages.SCLEditor.SCLEditorView","context":"{2232321-10350}","value":{"$id":"12","$type":"SessionDataUndo","CaretPositionRC":"19, 79"}}]}