{"$type":"List`1","$values":[{"$id":"1","$type":"ProjectOptionEntry","key":"NetworkCollapsed","context":"{2232342-4191}","value":false},{"$id":"2","$type":"ProjectOptionEntry","key":"NetworkCollapsed","context":"{2232342-4192}","value":false},{"$id":"3","$type":"ProjectOptionEntry","key":"NetworkCollapsed","context":"{2232342-4193}","value":false},{"$id":"4","$type":"ProjectOptionEntry","key":"NetworkCollapsed","context":"{2232342-4194}","value":false},{"$id":"5","$type":"ProjectOptionEntry","key":"NetworkCollapsed","context":"{2232342-4195}","value":false},{"$id":"6","$type":"ProjectOptionEntry","key":"RestoreNetworkStates","context":"{2232321-4121}","value":true},{"$id":"7","$type":"ProjectOptionEntry","key":"NetworkCollapsed","context":"{2232342-4214}","value":false},{"$id":"8","$type":"ProjectOptionEntry","key":"NetworkCollapsed","context":"{2232342-4215}","value":false},{"$id":"9","$type":"ProjectOptionEntry","key":"RestoreNetworkStates","context":"{2232321-4126}","value":true},{"$id":"10","$type":"ProjectOptionEntry","key":"LastSelection@Siemens.Simatic.PlcLanguages.SCLEditor.SCLEditorView","context":"{2232321-4130}","value":{"$id":"11","$type":"SessionDataUndo","CaretPositionRC":"27, 1"}},{"$id":"12","$type":"ProjectOptionEntry","key":"LastSelection@Siemens.Simatic.PlcLanguages.SCLEditor.SCLEditorView","context":"{2232321-4124}","value":{"$id":"13","$type":"SessionDataUndo","CaretPositionRC":"0, 33"}},{"$id":"14","$type":"ProjectOptionEntry","key":"LastSelection@Siemens.Simatic.PlcLanguages.SCLEditor.SCLEditorView","context":"{2232321-4128}","value":{"$id":"15","$type":"SessionDataUndo","CaretPositionRC":"4, 3"}},{"$id":"16","$type":"ProjectOptionEntry","key":"LastSelection@Siemens.Simatic.PlcLanguages.PLFrame.BasicLanguageEditor","context":"{2232321-4126}","value":{"$id":"17","$type":"SessionState","NetworkStates":{"$id":"18","$type":"Dictionary`2","1":5},"FocusedComponent":4,"ComponentUndoState":{"$id":"19","$type":"FLGViewSessionState","SelectedElements":{"$type":"String[]","$values":["<?xml version=\"1.0\" encoding=\"utf-16\"?><Operand UId=\"44\" RefId=\"7\" OwnerUId=\"42\" ParaNum=\"-1\" Formalname=\"IN1\" />"]},"RelevantSettings":null}}},{"$id":"20","$type":"ProjectOptionEntry","key":"LastSelection@Siemens.Simatic.PlcLanguages.PLFrame.BasicLanguageEditor","context":"{2232321-4121}","value":{"$id":"21","$type":"SessionState","NetworkStates":{"$id":"22","$type":"Dictionary`2","5":5},"FocusedComponent":4,"ComponentUndoState":{"$id":"23","$type":"FLGViewSessionState","SelectedElements":{"$type":"String[]","$values":["<?xml version=\"1.0\" encoding=\"utf-16\"?><Connector UId=\"35\" FormalName=\"EN\" OwnerUId=\"23\" ParaNum=\"-1\" />"]},"RelevantSettings":null}}}]}