{"$type":"List`1","$values":[{"$id":"1","$type":"ProjectOptionEntry","key":"NetworkCollapsed","context":"{2232342-7298}","value":false},{"$id":"2","$type":"ProjectOptionEntry","key":"RestoreNetworkStates","context":"{2232321-7295}","value":true},{"$id":"3","$type":"ProjectOptionEntry","key":"NetworkCollapsed","context":"{2232342-7301}","value":false},{"$id":"4","$type":"ProjectOptionEntry","key":"NetworkCollapsed","context":"{2232342-7302}","value":false},{"$id":"5","$type":"ProjectOptionEntry","key":"LastSelection@Siemens.Simatic.PlcLanguages.PLFrame.BasicLanguageEditor","context":"{2232321-7295}","value":{"$id":"6","$type":"SessionState","NetworkStates":{"$id":"7","$type":"Dictionary`2","2":5},"FocusedComponent":4,"ComponentUndoState":{"$id":"8","$type":"FLGViewSessionState","SelectedElements":{"$type":"String[]","$values":["<?xml version=\"1.0\" encoding=\"utf-16\"?><Operand UId=\"35\" RefId=\"0\" OwnerUId=\"24\" ParaNum=\"-1\" Formalname=\"EN\" />"]},"RelevantSettings":null}}},{"$id":"9","$type":"ProjectOptionEntry","key":"LastSelection@Siemens.Simatic.PlcLanguages.SCLEditor.SCLEditorView","context":"{2232321-7253}","value":{"$id":"10","$type":"SessionDataUndo","CaretPositionRC":"0, 10"}},{"$id":"11","$type":"ProjectOptionEntry","key":"LastSelection@Siemens.Simatic.PlcLanguages.SCLEditor.SCLEditorView","context":"{2232321-7332}","value":{"$id":"12","$type":"SessionDataUndo","CaretPositionRC":"8, 34"}},{"$id":"13","$type":"ProjectOptionEntry","key":"NetworkCollapsed","context":"{2232342-9326}","value":false},{"$id":"14","$type":"ProjectOptionEntry","key":"NetworkCollapsed","context":"{2232342-9327}","value":false},{"$id":"15","$type":"ProjectOptionEntry","key":"NetworkCollapsed","context":"{2232342-9328}","value":false},{"$id":"16","$type":"ProjectOptionEntry","key":"NetworkCollapsed","context":"{2232342-9329}","value":false},{"$id":"17","$type":"ProjectOptionEntry","key":"NetworkCollapsed","context":"{2232342-9330}","value":false},{"$id":"18","$type":"ProjectOptionEntry","key":"RestoreNetworkStates","context":"{2232321-9312}","value":true},{"$id":"19","$type":"ProjectOptionEntry","key":"LastSelection@Siemens.Simatic.PlcLanguages.PLFrame.BasicLanguageEditor","context":"{2232321-9312}","value":{"$id":"20","$type":"SessionState","NetworkStates":{"$id":"21","$type":"Dictionary`2","3":5},"FocusedComponent":4,"ComponentUndoState":{"$id":"22","$type":"FLGViewSessionState","SelectedElements":{"$type":"String[]","$values":["<?xml version=\"1.0\" encoding=\"utf-16\"?><ConnectionElement UId=\"22\" Label=\"false\" />"]},"RelevantSettings":null}}}]}